config,layer,cos_to_j,cos_to_released_j,cos_to_released_r
j,0,1.0036945343017578,0.4687403440475464,0.2596208155155182
j,1,1.0031118392944336,0.45973852276802063,0.26777562499046326
j,2,1.003600001335144,0.4725619852542877,0.2996324598789215
j,3,1.0032739639282227,0.4842967092990875,0.3329426944255829
j,4,1.003746747970581,0.512791633605957,0.3696434497833252
j,5,1.0032477378845215,0.539013683795929,0.3984115421772003
j,6,1.0036174058914185,0.45692935585975647,0.3407641351222992
j,7,1.0032684803009033,0.4758422076702118,0.3664710819721222
j,8,1.003213882446289,0.504644513130188,0.3984304666519165
j,9,1.003587007522583,0.5310349464416504,0.42261990904808044
j,10,1.003854751586914,0.5582076907157898,0.4484045207500458
j,11,1.0036925077438354,0.5791365504264832,0.46857908368110657
j,12,1.0033231973648071,0.5990980863571167,0.48687317967414856
j,13,1.003400206565857,0.621661365032196,0.5082218647003174
j,14,1.0035436153411865,0.645426869392395,0.5304462909698486
j,15,1.0036687850952148,0.6700671911239624,0.5561478137969971
j,16,1.0042493343353271,0.7024495005607605,0.5760822296142578
j,17,1.004248857498169,0.7301682829856873,0.5969736576080322
j,18,1.003986120223999,0.6797578930854797,0.5783867239952087
j,19,1.0041675567626953,0.6841942667961121,0.5828060507774353
j,20,1.0042964220046997,0.7026525735855103,0.6012535691261292
j,21,1.0042344331741333,0.7197409868240356,0.6176272630691528
j,22,1.0040374994277954,0.7246493697166443,0.6274007558822632
j,23,1.0042132139205933,0.7414516806602478,0.6476786732673645
j,24,1.0043697357177734,0.7592642307281494,0.668265700340271
j,25,1.0045602321624756,0.7797404527664185,0.6904019117355347
j,26,1.0045543909072876,0.797832727432251,0.7074858546257019
j,27,1.004796028137207,0.8071171641349792,0.7174787521362305
j,28,1.0048059225082397,0.8154729008674622,0.725222647190094
j,29,1.0048151016235352,0.8217316269874573,0.7325395345687866
j,30,1.0047804117202759,0.8269829154014587,0.7383864521980286
j,31,1.0046555995941162,0.8321596384048462,0.7462201118469238
j,32,1.0047330856323242,0.8465233445167542,0.7606008648872375
j,33,1.0046346187591553,0.8548734188079834,0.7715747952461243
j,34,1.0046608448028564,0.8595343828201294,0.7837706208229065
j,35,1.0045462846755981,0.8686933517456055,0.7965996265411377
j,36,1.0043728351593018,0.8803397417068481,0.8117392063140869
j,37,1.0042020082473755,0.8909398913383484,0.824967622756958
j,38,1.0037280321121216,0.8989707827568054,0.8366274237632751
j,39,1.0044825077056885,0.9105358719825745,0.851825475692749
j,40,1.004637360572815,0.9223508834838867,0.8678690791130066
j,41,1.0041826963424683,0.9323244094848633,0.8820796012878418
j,42,1.0039526224136353,0.9387097954750061,0.8907131552696228
j,43,1.003718614578247,0.9435188174247742,0.8987306952476501
j,44,1.004265308380127,0.9480970501899719,0.9049239754676819
j,45,1.0048600435256958,0.9514240622520447,0.9103794693946838
j,46,1.0050511360168457,0.954666793346405,0.9154258370399475
j,47,1.0050517320632935,0.9578134417533875,0.9212658405303955
j,48,1.0051419734954834,0.9617767930030823,0.9272525906562805
j,49,1.0051699876785278,0.9657077789306641,0.9347068071365356
j,50,1.0054821968078613,0.9705079197883606,0.9450196623802185
j,51,1.0060075521469116,0.9775209426879883,0.9579005241394043
j,52,1.0062501430511475,0.9829617142677307,0.9664835333824158
j,53,1.0064142942428589,0.9862698912620544,0.9720084071159363
j,54,1.0065852403640747,0.9887223839759827,0.9782707095146179
j,55,1.0070295333862305,0.9927526116371155,0.9837761521339417
j,56,1.0074175596237183,0.9964570999145508,0.9885571002960205
j,57,1.007767915725708,0.9993094801902771,0.992372453212738
j,58,1.0081663131713867,1.0017781257629395,0.9959452748298645
j,59,1.009148359298706,1.005429983139038,1.000645399093628
j,60,1.0103349685668945,1.007734775543213,1.0040873289108276
j,61,1.0108652114868164,1.0091713666915894,1.0066771507263184
j,62,1.0,1.0,1.0
ln,0,0.28218117356300354,0.14317288994789124,0.0901309996843338
ln,1,0.30917057394981384,0.15305012464523315,0.09740182012319565
ln,2,0.3022443354129791,0.1566244512796402,0.10530870407819748
ln,3,0.2718706429004669,0.15332713723182678,0.10957486182451248
ln,4,0.2541579306125641,0.16177168488502502,0.1201680451631546
ln,5,0.24899356067180634,0.1709592640399933,0.12897051870822906
ln,6,0.23810064792633057,0.13609880208969116,0.10332514345645905
ln,7,0.22765564918518066,0.13911661505699158,0.10850308835506439
ln,8,0.2703787386417389,0.15143874287605286,0.12086378037929535
ln,9,0.28018802404403687,0.16226284205913544,0.13013426959514618
ln,10,0.3149275481700897,0.18015523254871368,0.14548000693321228
ln,11,0.34772536158561707,0.19168974459171295,0.15557900071144104
ln,12,0.37052759528160095,0.2028781622648239,0.16487234830856323
ln,13,0.4066218137741089,0.2203730195760727,0.18054400384426117
ln,14,0.4589882791042328,0.2402544617652893,0.19836962223052979
ln,15,0.5238514542579651,0.2679741680622101,0.22352485358715057
ln,16,0.5674418807029724,0.2984774708747864,0.2462582290172577
ln,17,0.6196393966674805,0.3390546143054962,0.27882879972457886
ln,18,0.642603874206543,0.32362881302833557,0.27671509981155396
ln,19,0.6579612493515015,0.3354750871658325,0.28766900300979614
ln,20,0.6711936593055725,0.3630324900150299,0.31298762559890747
ln,21,0.6810718774795532,0.38566672801971436,0.3332253694534302
ln,22,0.6841018199920654,0.39056888222694397,0.34044915437698364
ln,23,0.6919665336608887,0.40964052081108093,0.35989516973495483
ln,24,0.6988180875778198,0.42799440026283264,0.3785795271396637
ln,25,0.7096329927444458,0.45373815298080444,0.4036481976509094
ln,26,0.7216055989265442,0.4804695248603821,0.4281015992164612
ln,27,0.7296289801597595,0.4954303205013275,0.4424182176589966
ln,28,0.7328540086746216,0.5033649802207947,0.4497642517089844
ln,29,0.7440176606178284,0.5238192081451416,0.46884068846702576
ln,30,0.7544452548027039,0.5411149859428406,0.4852348268032074
ln,31,0.7638252377510071,0.5566282272338867,0.5014885663986206
ln,32,0.7724104523658752,0.5741018652915955,0.5178409218788147
ln,33,0.7959443926811218,0.6100467443466187,0.5519300699234009
ln,34,0.8025000691413879,0.6178170442581177,0.5648124814033508
ln,35,0.8115995526313782,0.6360729932785034,0.5846208333969116
ln,36,0.8136134743690491,0.6462777853012085,0.597123384475708
ln,37,0.8327115774154663,0.6787481904029846,0.6300124526023865
ln,38,0.8413212299346924,0.6964430212974548,0.6495983004570007
ln,39,0.8565057516098022,0.7247651815414429,0.6795365214347839
ln,40,0.8833966255187988,0.7693523168563843,0.7255058884620667
ln,41,0.9044460654258728,0.8059755563735962,0.7640471458435059
ln,42,0.9152323007583618,0.8256555199623108,0.7849471569061279
ln,43,0.9273124933242798,0.8456753492355347,0.8068459033966064
ln,44,0.9433453679084778,0.870230495929718,0.8319848775863647
ln,45,0.9495545625686646,0.8806164264678955,0.8440166711807251
ln,46,0.9653719067573547,0.9042868614196777,0.8686930537223816
ln,47,0.9715390205383301,0.9150103330612183,0.881666362285614
ln,48,0.9818079471588135,0.9324179291725159,0.9007707238197327
ln,49,0.9888246655464172,0.945121705532074,0.9165037870407104
ln,50,0.9967048168182373,0.9595826268196106,0.9355548620223999
ln,51,1.0025168657302856,0.9733261466026306,0.954740047454834
ln,52,1.0047376155853271,0.9811142683029175,0.9653540849685669
ln,53,1.0058180093765259,0.9855221509933472,0.9716919660568237
ln,54,1.0062066316604614,0.9882615804672241,0.978068470954895
ln,55,1.0067620277404785,0.9924331307411194,0.9836450815200806
ln,56,1.0072581768035889,0.9963008165359497,0.9884865880012512
ln,57,1.007643222808838,0.9992057681083679,0.9923149347305298
ln,58,1.0080854892730713,1.0017296075820923,0.9959777593612671
ln,59,1.0091112852096558,1.005391001701355,1.0006388425827026
ln,60,1.0103236436843872,1.0077158212661743,1.0040650367736816
ln,61,1.0108610391616821,1.0091655254364014,1.0066721439361572
ln,62,1.0,1.0,1.0
identity,0,0.8911042809486389,0.5068813562393188,0.3529549241065979
identity,1,0.8908541798591614,0.5053274035453796,0.3678167760372162
identity,2,0.8906477093696594,0.5330026745796204,0.409914493560791
identity,3,0.8895089626312256,0.5597358345985413,0.4532163739204407
identity,4,0.8919421434402466,0.5949124097824097,0.49142640829086304
identity,5,0.893017590045929,0.6236262321472168,0.519450843334198
identity,6,0.8960433006286621,0.528694212436676,0.4501981735229492
identity,7,0.8977352976799011,0.550865888595581,0.47537025809288025
identity,8,0.9025223255157471,0.5771790146827698,0.5024568438529968
identity,9,0.9047778248786926,0.6020016670227051,0.5235522389411926
identity,10,0.9093451499938965,0.6246860027313232,0.5438354015350342
identity,11,0.9125595092773438,0.6418861150741577,0.5590564608573914
identity,12,0.9135988354682922,0.6602914333343506,0.575560986995697
identity,13,0.9158926606178284,0.677628219127655,0.5909261107444763
identity,14,0.9184685349464417,0.694451093673706,0.6057024598121643
identity,15,0.9221643805503845,0.7110028862953186,0.6230077147483826
identity,16,0.9214115738868713,0.7381790280342102,0.6453347206115723
identity,17,0.9239503741264343,0.7574321627616882,0.66115802526474
identity,18,0.9250515103340149,0.7126292586326599,0.640711784362793
identity,19,0.9297429323196411,0.7107325792312622,0.6361867189407349
identity,20,0.9332507252693176,0.7232263088226318,0.6476668119430542
identity,21,0.9364901781082153,0.7353400588035583,0.6581194996833801
identity,22,0.9402088522911072,0.7363481521606445,0.6629900932312012
identity,23,0.944199800491333,0.7483139038085938,0.6780893206596375
identity,24,0.9481067061424255,0.7622899413108826,0.6938231587409973
identity,25,0.9511553645133972,0.7786522507667542,0.7110639810562134
identity,26,0.9530022740364075,0.7933908104896545,0.7247971892356873
identity,27,0.9549366235733032,0.8000620007514954,0.7319631576538086
identity,28,0.9560415744781494,0.8066453337669373,0.7377408146858215
identity,29,0.9571204781532288,0.810600996017456,0.742675244808197
identity,30,0.957886278629303,0.8147696852684021,0.7471753358840942
identity,31,0.9592684507369995,0.8176305294036865,0.7534727454185486
identity,32,0.9597770571708679,0.8305268287658691,0.7673178315162659
identity,33,0.9606772661209106,0.8376227617263794,0.7772009968757629
identity,34,0.9633533358573914,0.8429076671600342,0.7897141575813293
identity,35,0.964653491973877,0.8512329459190369,0.8006962537765503
identity,36,0.9668397903442383,0.8625811338424683,0.8148859739303589
identity,37,0.9683687090873718,0.8723459839820862,0.8267413973808289
identity,38,0.9706643223762512,0.8809301257133484,0.8379848599433899
identity,39,0.9732887148857117,0.8925619125366211,0.8522987365722656
identity,40,0.9757800102233887,0.9050166606903076,0.8671847581863403
identity,41,0.9780651330947876,0.916132926940918,0.8813850283622742
identity,42,0.978922426700592,0.9223917722702026,0.8899415135383606
identity,43,0.9794867038726807,0.9270105361938477,0.8977951407432556
identity,44,0.980054497718811,0.9307470917701721,0.9036380648612976
identity,45,0.9806159734725952,0.9333919882774353,0.9087918996810913
identity,46,0.9809062480926514,0.9360404014587402,0.9136723279953003
identity,47,0.9810851216316223,0.9387764930725098,0.9197205901145935
identity,48,0.9812092185020447,0.9419499039649963,0.9259449243545532
identity,49,0.9820775389671326,0.9461150765419006,0.9334769248962402
identity,50,0.9842813014984131,0.9521975517272949,0.9429050087928772
identity,51,0.9862685203552246,0.9599956274032593,0.955735981464386
identity,52,0.9882164001464844,0.9667219519615173,0.9643440246582031
identity,53,0.9897364974021912,0.9710237979888916,0.9698214530944824
identity,54,0.9926607012748718,0.9755252599716187,0.9745464324951172
identity,55,0.9940153360366821,0.9799771904945374,0.9799855351448059
identity,56,0.9952780604362488,0.9844557046890259,0.9849424958229065
identity,57,0.9965219497680664,0.9880814552307129,0.9888076782226562
identity,58,0.998373806476593,0.9920446872711182,0.9925357699394226
identity,59,1.0011273622512817,0.9976068139076233,0.9982033371925354
identity,60,1.004895806312561,1.0025442838668823,1.0027481317520142
identity,61,1.008373737335205,1.0068814754486084,1.0063589811325073
identity,62,1.0,1.0,1.0
half,0,0.50639808177948,0.5120030045509338,0.6752622723579407
half,1,0.5029276609420776,0.527856707572937,0.6912558674812317
half,2,0.5125337243080139,0.5490415692329407,0.7170203328132629
half,3,0.5264155864715576,0.5682321786880493,0.7429576516151428
half,4,0.5512310862541199,0.5934212803840637,0.7627478837966919
half,5,0.5710443258285522,0.6051009297370911,0.7744983434677124
half,6,0.539533793926239,0.5910317897796631,0.7665726542472839
half,7,0.5640364289283752,0.6054739356040955,0.773874044418335
half,8,0.5912367701530457,0.6205869317054749,0.7842358350753784
half,9,0.6100042462348938,0.6344371438026428,0.7931618094444275
half,10,0.6304583549499512,0.6471644639968872,0.803193211555481
half,11,0.6464779376983643,0.6556916236877441,0.8083257079124451
half,12,0.658654510974884,0.66817307472229,0.8184307813644409
half,13,0.6771196126937866,0.6780129075050354,0.8236733078956604
half,14,0.6933477520942688,0.6882734894752502,0.8295580148696899
half,15,0.7154379487037659,0.7029663324356079,0.8343261480331421
half,16,0.712679386138916,0.705098569393158,0.8508034348487854
half,17,0.7228769659996033,0.7115607261657715,0.8602350950241089
half,18,0.7218208909034729,0.7364588975906372,0.8613088130950928
half,19,0.730381965637207,0.7316243052482605,0.8592151403427124
half,20,0.7434801459312439,0.7386408448219299,0.8688041567802429
half,21,0.7557613849639893,0.7425136566162109,0.8759496808052063
half,22,0.7661294341087341,0.749296247959137,0.880704402923584
half,23,0.7838373780250549,0.7611115574836731,0.8872308135032654
half,24,0.798987865447998,0.7739641666412354,0.8955209851264954
half,25,0.8133196234703064,0.7869821190834045,0.9032822251319885
half,26,0.8231555819511414,0.7957908511161804,0.9096620082855225
half,27,0.8313472867012024,0.8033004999160767,0.9128239154815674
half,28,0.8349830508232117,0.8092741370201111,0.9174844026565552
half,29,0.8405873775482178,0.8131625056266785,0.9196078777313232
half,30,0.8448543548583984,0.8157305717468262,0.9217585921287537
half,31,0.852401614189148,0.8203680515289307,0.9230868816375732
half,32,0.8567314743995667,0.82850581407547,0.931056559085846
half,33,0.8620602488517761,0.8349446058273315,0.9360969066619873
half,34,0.8696678876876831,0.849030613899231,0.9421945810317993
half,35,0.8769431710243225,0.8577552437782288,0.9466511011123657
half,36,0.8850179314613342,0.8697153925895691,0.9528151154518127
half,37,0.8928703665733337,0.8788504004478455,0.9570223689079285
half,38,0.9004833698272705,0.8871508836746216,0.9596275687217712
half,39,0.9099162220954895,0.8962787985801697,0.9626880288124084
half,40,0.9194480776786804,0.9055576324462891,0.9655174016952515
half,41,0.9271908402442932,0.9119625091552734,0.9684306979179382
half,42,0.9326785802841187,0.9167882800102234,0.9704545736312866
half,43,0.9387843012809753,0.9228819012641907,0.97274249792099
half,44,0.943606972694397,0.927739143371582,0.9742324948310852
half,45,0.9480793476104736,0.9320935606956482,0.9752833843231201
half,46,0.9517443776130676,0.935393214225769,0.9762851595878601
half,47,0.9565857648849487,0.9407323598861694,0.9776545166969299
half,48,0.9612846970558167,0.9464102983474731,0.9796251058578491
half,49,0.966987669467926,0.9538850784301758,0.9818729162216187
half,50,0.974277675151825,0.9633874297142029,0.9852599501609802
half,51,0.9833751320838928,0.9746187329292297,0.9891068339347839
half,52,0.988071084022522,0.981090784072876,0.9923341870307922
half,53,0.9911383986473083,0.9852515459060669,0.9942944049835205
half,54,0.9942535161972046,0.9888411164283752,0.9965847730636597
half,55,0.9971152544021606,0.9933746457099915,0.9993292689323425
half,56,0.9993911981582642,0.9964404702186584,1.0012811422348022
half,57,1.0012390613555908,0.998772919178009,1.0027705430984497
half,58,1.0030715465545654,1.000970721244812,1.0041749477386475
half,59,1.0053601264953613,1.0046062469482422,1.0068602561950684
half,60,1.0074738264083862,1.0067315101623535,1.0081666707992554
half,61,1.008786916732788,1.0079457759857178,1.0085543394088745
half,62,1.0,1.0,1.0
ln+identity,0,0.20843642950057983,0.13189023733139038,0.12851326167583466
ln+identity,1,0.22460360825061798,0.13699230551719666,0.13099361956119537
ln+identity,2,0.22435976564884186,0.14345848560333252,0.13610237836837769
ln+identity,3,0.20715931057929993,0.14779281616210938,0.14022532105445862
ln+identity,4,0.20113913714885712,0.16311027109622955,0.15298300981521606
ln+identity,5,0.20713253319263458,0.17840813100337982,0.16463464498519897
ln+identity,6,0.20003457367420197,0.13807642459869385,0.13246817886829376
ln+identity,7,0.19710052013397217,0.14367301762104034,0.1374688446521759
ln+identity,8,0.24778738617897034,0.1591598093509674,0.15261901915073395
ln+identity,9,0.26165449619293213,0.1719367802143097,0.16339397430419922
ln+identity,10,0.30453014373779297,0.19261659681797028,0.18245035409927368
ln+identity,11,0.34258803725242615,0.20602592825889587,0.19380982220172882
ln+identity,12,0.3683287799358368,0.2192593812942505,0.2056509107351303
ln+identity,13,0.4075787663459778,0.23796656727790833,0.22329582273960114
ln+identity,14,0.46199312806129456,0.2681520879268646,0.2513676583766937
ln+identity,15,0.5411426424980164,0.30809879302978516,0.28915852308273315
ln+identity,16,0.5951390266418457,0.3621939718723297,0.34080761671066284
ln+identity,17,0.640617847442627,0.4050850570201874,0.3806435465812683
ln+identity,18,0.6385964751243591,0.3687366843223572,0.3575103282928467
ln+identity,19,0.6445711255073547,0.37198442220687866,0.3587830066680908
ln+identity,20,0.6516032218933105,0.39134061336517334,0.37714406847953796
ln+identity,21,0.6605156064033508,0.41110727190971375,0.3942975401878357
ln+identity,22,0.6612462401390076,0.41009658575057983,0.3951151669025421
ln+identity,23,0.6711426377296448,0.4273585081100464,0.41280409693717957
ln+identity,24,0.6822967529296875,0.44614458084106445,0.4310304522514343
ln+identity,25,0.6945614814758301,0.4703308343887329,0.4550582766532898
ln+identity,26,0.7065813541412354,0.49575725197792053,0.48020654916763306
ln+identity,27,0.7131013870239258,0.5072662830352783,0.4915398061275482
ln+identity,28,0.7177525758743286,0.5151366591453552,0.5003305077552795
ln+identity,29,0.7282857894897461,0.533470630645752,0.519794762134552
ln+identity,30,0.7383739352226257,0.549584150314331,0.5363728404045105
ln+identity,31,0.7475293874740601,0.5631992816925049,0.553023636341095
ln+identity,32,0.7529811859130859,0.5764358639717102,0.5688695907592773
ln+identity,33,0.7740369439125061,0.6093915104866028,0.6004788279533386
ln+identity,34,0.7865540385246277,0.6219140291213989,0.6135535836219788
ln+identity,35,0.7979912161827087,0.6411011219024658,0.6314684748649597
ln+identity,36,0.8048865795135498,0.6546505093574524,0.6437805891036987
ln+identity,37,0.8251912593841553,0.6873356103897095,0.6730210781097412
ln+identity,38,0.8358938097953796,0.7055620551109314,0.6908090710639954
ln+identity,39,0.8523378968238831,0.7339454293251038,0.7190188765525818
ln+identity,40,0.8795429468154907,0.777840793132782,0.7617514729499817
ln+identity,41,0.8976729512214661,0.8102070689201355,0.7943208813667297
ln+identity,42,0.9071958661079407,0.8274864554405212,0.8127145767211914
ln+identity,43,0.9188985824584961,0.8461743593215942,0.83165043592453
ln+identity,44,0.9298998117446899,0.8643428683280945,0.851996660232544
ln+identity,45,0.9352632761001587,0.8731774091720581,0.862684965133667
ln+identity,46,0.9465695023536682,0.8912092447280884,0.8824197053909302
ln+identity,47,0.9527652263641357,0.9013820886611938,0.8946149349212646
ln+identity,48,0.9602700471878052,0.9149049520492554,0.9105962514877319
ln+identity,49,0.9678518176078796,0.9276859760284424,0.9234802722930908
ln+identity,50,0.9772439002990723,0.943231999874115,0.9382371306419373
ln+identity,51,0.9828440546989441,0.9559150338172913,0.9541784524917603
ln+identity,52,0.9866892099380493,0.9648401737213135,0.9640378952026367
ln+identity,53,0.9890227913856506,0.9701504111289978,0.9698514938354492
ln+identity,54,0.9922217130661011,0.9750282764434814,0.9745948314666748
ln+identity,55,0.9937088489532471,0.9796315431594849,0.9800066947937012
ln+identity,56,0.9951050281524658,0.9843004941940308,0.9849605560302734
ln+identity,57,0.9963905215263367,0.9879838228225708,0.988818883895874
ln+identity,58,0.9982840418815613,0.9920019507408142,0.9926548004150391
ln+identity,59,1.0010706186294556,0.9975506067276001,0.998218297958374
ln+identity,60,1.0048648118972778,1.002506136894226,1.002718210220337
ln+identity,61,1.0083779096603394,1.006884217262268,1.0063581466674805
ln+identity,62,1.0,1.0,1.0
ln+half,0,0.483903169631958,0.48021501302719116,0.6580725312232971
ln+half,1,0.48730239272117615,0.502089262008667,0.6779900193214417
ln+half,2,0.5018219351768494,0.5288150310516357,0.7070217132568359
ln+half,3,0.5168275237083435,0.5506576895713806,0.7339698076248169
ln+half,4,0.5424138307571411,0.5775303244590759,0.754901111125946
ln+half,5,0.5633610486984253,0.5912852883338928,0.7681072354316711
ln+half,6,0.534268319606781,0.5791513323783875,0.7619317770004272
ln+half,7,0.5595547556877136,0.5940722227096558,0.7694675326347351
ln+half,8,0.5873164534568787,0.6096892952919006,0.7803831100463867
ln+half,9,0.6060134172439575,0.6237713098526001,0.7896085977554321
ln+half,10,0.6268200278282166,0.6367059946060181,0.7999247312545776
ln+half,11,0.6431906223297119,0.6455763578414917,0.8053025007247925
ln+half,12,0.6556298732757568,0.658543050289154,0.8159124851226807
ln+half,13,0.6739070415496826,0.6688604354858398,0.8216630220413208
ln+half,14,0.690418541431427,0.6797099709510803,0.8278592228889465
ln+half,15,0.7125234603881836,0.6946571469306946,0.8328409790992737
ln+half,16,0.709114134311676,0.6956509947776794,0.8487210273742676
ln+half,17,0.7192440629005432,0.7022227644920349,0.8583053946495056
ln+half,18,0.7194246053695679,0.727670431137085,0.8597336411476135
ln+half,19,0.7282705307006836,0.7230600714683533,0.8578887581825256
ln+half,20,0.7413804531097412,0.730437695980072,0.8677809238433838
ln+half,21,0.7539551258087158,0.7347302436828613,0.8750306367874146
ln+half,22,0.7644658088684082,0.7419315576553345,0.8798926472663879
ln+half,23,0.78228759765625,0.7540546655654907,0.8862847089767456
ln+half,24,0.7974773049354553,0.7672170996665955,0.8946889042854309
ln+half,25,0.8117552399635315,0.7804097533226013,0.9024308919906616
ln+half,26,0.8215636014938354,0.7893481254577637,0.9089652895927429
ln+half,27,0.8299849629402161,0.7970064878463745,0.9121052026748657
ln+half,28,0.8336774110794067,0.8029189109802246,0.9167969226837158
ln+half,29,0.8391220569610596,0.8071223497390747,0.9191762208938599
ln+half,30,0.8433509469032288,0.8099283576011658,0.9217208623886108
ln+half,31,0.8509808778762817,0.8147289156913757,0.9232583045959473
ln+half,32,0.8557299375534058,0.8230088353157043,0.9313830733299255
ln+half,33,0.861116886138916,0.8302271962165833,0.936779797077179
ln+half,34,0.8689393401145935,0.844568133354187,0.9429306387901306
ln+half,35,0.8763534426689148,0.8535774350166321,0.9475371837615967
ln+half,36,0.8845796585083008,0.8657963275909424,0.953568160533905
ln+half,37,0.8923737406730652,0.8753281831741333,0.9576051235198975
ln+half,38,0.899996817111969,0.8837910294532776,0.9601041674613953
ln+half,39,0.9093555212020874,0.8930996656417847,0.9631338715553284
ln+half,40,0.91865074634552,0.9026338458061218,0.9659661054611206
ln+half,41,0.9263361692428589,0.9092601537704468,0.9688420295715332
ln+half,42,0.9318289160728455,0.9141585230827332,0.9709334373474121
ln+half,43,0.9379591345787048,0.9204305410385132,0.9731104969978333
ln+half,44,0.9426144361495972,0.9253309369087219,0.9747555255889893
ln+half,45,0.9470650553703308,0.929737389087677,0.9758279323577881
ln+half,46,0.9505527019500732,0.9331029057502747,0.9769999384880066
ln+half,47,0.9554668664932251,0.9385740756988525,0.9783206582069397
ln+half,48,0.9600914716720581,0.9443678855895996,0.9803745150566101
ln+half,49,0.9660124778747559,0.952272891998291,0.9824732542037964
ln+half,50,0.9735742211341858,0.9623213410377502,0.9855599999427795
ln+half,51,0.9828562140464783,0.9738921523094177,0.9893421530723572
ln+half,52,0.9876790642738342,0.9805695414543152,0.9925156235694885
ln+half,53,0.9908472895622253,0.9848893284797668,0.9944082498550415
ln+half,54,0.9940166473388672,0.9885762333869934,0.996660053730011
ln+half,55,0.9969180822372437,0.9931479096412659,0.9993726015090942
ln+half,56,0.9992644786834717,0.996309757232666,1.0013127326965332
ln+half,57,1.0011452436447144,0.99868243932724,1.002792477607727
ln+half,58,1.0029693841934204,1.000885248184204,1.0041993856430054
ln+half,59,1.0053261518478394,1.0045711994171143,1.006862759590149
ln+half,60,1.007473111152649,1.0067260265350342,1.0081626176834106
ln+half,61,1.0087857246398926,1.0079429149627686,1.0085524320602417
ln+half,62,1.0,1.0,1.0
identity+half,0,0.48094168305397034,0.5258702635765076,0.7150379419326782
identity+half,1,0.4768630266189575,0.5431522727012634,0.731694221496582
identity+half,2,0.4881635904312134,0.5664353966712952,0.7569187879562378
identity+half,3,0.5039642453193665,0.5873221755027771,0.7823174595832825
identity+half,4,0.5311242341995239,0.6128422617912292,0.8003711104393005
identity+half,5,0.5527137517929077,0.6254996657371521,0.8113766312599182
identity+half,6,0.5183292031288147,0.6085149049758911,0.800764799118042
identity+half,7,0.5437849760055542,0.6232537031173706,0.8070480227470398
identity+half,8,0.5728954076766968,0.638022780418396,0.8157099485397339
identity+half,9,0.593040943145752,0.651452362537384,0.8232667446136475
identity+half,10,0.6148982048034668,0.662492573261261,0.8307833075523376
identity+half,11,0.6323196291923523,0.6706627607345581,0.8347440958023071
identity+half,12,0.6452623009681702,0.6820567846298218,0.8432660698890686
identity+half,13,0.6647894382476807,0.6912922859191895,0.847263514995575
identity+half,14,0.6823728084564209,0.7007887363433838,0.8516461253166199
identity+half,15,0.7048454880714417,0.7139886617660522,0.8551478981971741
identity+half,16,0.7035250067710876,0.7167536020278931,0.8731970191001892
identity+half,17,0.7151166796684265,0.7228885889053345,0.8823521733283997
identity+half,18,0.7131720185279846,0.7469104528427124,0.881278932094574
identity+half,19,0.7223635911941528,0.741371750831604,0.8781893253326416
identity+half,20,0.7366730570793152,0.7477468848228455,0.8862516283988953
identity+half,21,0.7495232224464417,0.750935971736908,0.8922802805900574
identity+half,22,0.7598514556884766,0.7563562989234924,0.8954737782478333
identity+half,23,0.777459442615509,0.766685962677002,0.900580644607544
identity+half,24,0.7930601835250854,0.7786048650741577,0.9075066447257996
identity+half,25,0.8080377578735352,0.7907927632331848,0.9141550064086914
identity+half,26,0.8184283971786499,0.7990767955780029,0.9199281334877014
identity+half,27,0.8266234397888184,0.8058294057846069,0.9224306344985962
identity+half,28,0.830597996711731,0.8113282322883606,0.9267100691795349
identity+half,29,0.8365994691848755,0.8147212266921997,0.9284959435462952
identity+half,30,0.8413509130477905,0.8173649311065674,0.9307225942611694
identity+half,31,0.8484928607940674,0.8208394050598145,0.931770920753479
identity+half,32,0.8528600335121155,0.8285824656486511,0.9398027658462524
identity+half,33,0.8580408096313477,0.8343374729156494,0.9441730976104736
identity+half,34,0.8652268052101135,0.8476898074150085,0.949670135974884
identity+half,35,0.8726816177368164,0.8563945889472961,0.9538572430610657
identity+half,36,0.8807036876678467,0.8679237365722656,0.9594213366508484
identity+half,37,0.888678789138794,0.8768240809440613,0.9632927179336548
identity+half,38,0.8964066505432129,0.8850405812263489,0.9655776023864746
identity+half,39,0.9061434864997864,0.8943681716918945,0.9685030579566956
identity+half,40,0.9165089130401611,0.9043592810630798,0.9713054895401001
identity+half,41,0.9253642559051514,0.9117929339408875,0.9748461842536926
identity+half,42,0.9307625889778137,0.916394054889679,0.9767683148384094
identity+half,43,0.9362571239471436,0.9217756390571594,0.9784897565841675
identity+half,44,0.9406298398971558,0.9260411858558655,0.9797297716140747
identity+half,45,0.9447447657585144,0.9299330115318298,0.9806094169616699
identity+half,46,0.9481568932533264,0.9328508973121643,0.9815078973770142
identity+half,47,0.9525581002235413,0.9376700520515442,0.9827795028686523
identity+half,48,0.956729531288147,0.9426471590995789,0.9846395254135132
identity+half,49,0.9621819853782654,0.9497854113578796,0.9866021871566772
identity+half,50,0.9698911309242249,0.9596312046051025,0.9893171787261963
identity+half,51,0.9789724349975586,0.9707459807395935,0.9927845597267151
identity+half,52,0.9840138554573059,0.9774817228317261,0.9956742525100708
identity+half,53,0.9873504042625427,0.9818370938301086,0.9973337054252625
identity+half,54,0.9915726780891418,0.986267626285553,0.9986995458602905
identity+half,55,0.994531512260437,0.9907281994819641,1.0011320114135742
identity+half,56,0.9969555735588074,0.9939528703689575,1.0029468536376953
identity+half,57,0.9990071654319763,0.9964662194252014,1.0042582750320435
identity+half,58,1.001187801361084,0.9990488886833191,1.0054045915603638
identity+half,59,1.0037412643432617,1.0030454397201538,1.0080112218856812
identity+half,60,1.0063899755477905,1.005752682685852,1.0091358423233032
identity+half,61,1.0083359479904175,1.0075888633728027,1.0091745853424072
identity+half,62,1.0,1.0,1.0
